{
 "score": -4.2753,
"meanscore": -0.92124,
"baselinerisk":   0.11,
"PatientAbsRisk": 0.0043001,
"NGT":     88,
"NMISS":   6138 
}
